fengjing210170mm0010017070,1000,1,01,70mm,001,0,0,1,70,70,http://www.homehorizon.com/public/images/2a/11/28/0adbd42ab618174cf78dd898dc79f371.jpg,1,1,风景2,15天
fengjing2101100mm00100170100,1020,1,01,100mm,001,0,0,1,70,100,http://www.homehorizon.com/public/images/2a/11/28/0adbd42ab618174cf78dd898dc79f371.jpg,,1,风景2,15天
fengjing210180mm0010018080,1030,1,01,80mm,001,0,0,1,80,80,http://www.homehorizon.com/public/images/2a/11/28/0adbd42ab618174cf78dd898dc79f371.jpg,,1,风景2,15天
fengjing2101100mm00100180100,1100,1,01,100mm,001,0,0,1,80,100,http://www.homehorizon.com/public/images/2a/11/28/0adbd42ab618174cf78dd898dc79f371.jpg,,1,风景2,15天
fengjing210170mm0020017070,1000,1,01,70mm,002,0,0,1,70,70,http://www.homehorizon.com/public/images/e1/94/1f/d4e28bae337d4a9db3652b4ed8392e23.jpg,,1,风景2,15天
fengjing2101100mm00200170100,1020,1,01,100mm,002,0,0,1,70,100,http://www.homehorizon.com/public/images/e1/94/1f/d4e28bae337d4a9db3652b4ed8392e23.jpg,,1,风景2,15天
fengjing210180mm0020018080,1030,1,01,80mm,002,0,0,1,80,80,http://www.homehorizon.com/public/images/e1/94/1f/d4e28bae337d4a9db3652b4ed8392e23.jpg,,1,风景2,15天
fengjing2101100mm00200180100,1100,1,01,100mm,002,0,0,1,80,100,http://www.homehorizon.com/public/images/e1/94/1f/d4e28bae337d4a9db3652b4ed8392e23.jpg,,1,风景2,15天
fengjing210170mm0010027070,2000,1,01,70mm,001,0,0,2,70,70,http://www.homehorizon.com/public/images/2a/11/28/0adbd42ab618174cf78dd898dc79f371.jpg,,1,风景2,15天
fengjing2101100mm00100270100,2040,1,01,100mm,001,0,0,2,70,100,http://www.homehorizon.com/public/images/2a/11/28/0adbd42ab618174cf78dd898dc79f371.jpg,,1,风景2,15天
fengjing210180mm0010028080,2060,1,01,80mm,001,0,0,2,80,80,http://www.homehorizon.com/public/images/2a/11/28/0adbd42ab618174cf78dd898dc79f371.jpg,,1,风景2,15天
fengjing2101100mm00100280100,2200,1,01,100mm,001,0,0,2,80,100,http://www.homehorizon.com/public/images/2a/11/28/0adbd42ab618174cf78dd898dc79f371.jpg,,1,风景2,15天
fengjing210170mm0020027070,2000,1,01,70mm,002,0,0,2,70,70,http://www.homehorizon.com/public/images/e1/94/1f/d4e28bae337d4a9db3652b4ed8392e23.jpg,,1,风景2,15天
fengjing2101100mm00200270100,2040,1,01,100mm,002,0,0,2,70,100,http://www.homehorizon.com/public/images/e1/94/1f/d4e28bae337d4a9db3652b4ed8392e23.jpg,,1,风景2,15天
fengjing210180mm0020028080,2060,1,01,80mm,002,0,0,2,80,80,http://www.homehorizon.com/public/images/e1/94/1f/d4e28bae337d4a9db3652b4ed8392e23.jpg,,1,风景2,15天
fengjing2101100mm00200280100,2200,1,01,100mm,002,0,0,2,80,100,http://www.homehorizon.com/public/images/e1/94/1f/d4e28bae337d4a9db3652b4ed8392e23.jpg,,1,风景2,15天
fengjing210170mm0010037070,3000,1,01,70mm,001,0,0,3,70,70,http://www.homehorizon.com/public/images/2a/11/28/0adbd42ab618174cf78dd898dc79f371.jpg,,1,风景2,15天
fengjing2101100mm00100370100,3060,1,01,100mm,001,0,0,3,70,100,http://www.homehorizon.com/public/images/2a/11/28/0adbd42ab618174cf78dd898dc79f371.jpg,,1,风景2,15天
fengjing210180mm0010038080,3090,1,01,80mm,001,0,0,3,80,80,http://www.homehorizon.com/public/images/2a/11/28/0adbd42ab618174cf78dd898dc79f371.jpg,,1,风景2,15天
fengjing2101100mm00100380100,3300,1,01,100mm,001,0,0,3,80,100,http://www.homehorizon.com/public/images/2a/11/28/0adbd42ab618174cf78dd898dc79f371.jpg,,1,风景2,15天
fengjing210170mm0020037070,3000,1,01,70mm,002,0,0,3,70,70,http://www.homehorizon.com/public/images/e1/94/1f/d4e28bae337d4a9db3652b4ed8392e23.jpg,,1,风景2,15天
fengjing2101100mm00200370100,3060,1,01,100mm,002,0,0,3,70,100,http://www.homehorizon.com/public/images/e1/94/1f/d4e28bae337d4a9db3652b4ed8392e23.jpg,,1,风景2,15天
fengjing210180mm0020038080,3090,1,01,80mm,002,0,0,3,80,80,http://www.homehorizon.com/public/images/e1/94/1f/d4e28bae337d4a9db3652b4ed8392e23.jpg,,1,风景2,15天
fengjing2101100mm00200380100,3300,1,01,100mm,002,0,0,3,80,100,http://www.homehorizon.com/public/images/e1/94/1f/d4e28bae337d4a9db3652b4ed8392e23.jpg,,1,风景2,15天
fengjing210270mm0010017070,1030,1,02,70mm,001,0,0,1,70,70,http://www.homehorizon.com/public/images/57/49/48/10056b53a0990a7fb613237fb66261f8.jpg,,1,风景2,15天
fengjing2102100mm00100170100,1050,1,02,100mm,001,0,0,1,70,100,http://www.homehorizon.com/public/images/57/49/48/10056b53a0990a7fb613237fb66261f8.jpg,,1,风景2,15天
fengjing210280mm0010018080,1060,1,02,80mm,001,0,0,1,80,80,http://www.homehorizon.com/public/images/57/49/48/10056b53a0990a7fb613237fb66261f8.jpg,,1,风景2,15天
fengjing2102100mm00100180100,1130,1,02,100mm,001,0,0,1,80,100,http://www.homehorizon.com/public/images/57/49/48/10056b53a0990a7fb613237fb66261f8.jpg,,1,风景2,15天
fengjing210270mm0020017070,1030,1,02,70mm,002,0,0,1,70,70,http://www.homehorizon.com/public/images/36/29/8a/aaa2c6eaf93453d8a642a52dc0fdbef7.jpg,,1,风景2,15天
fengjing2102100mm00200170100,1050,1,02,100mm,002,0,0,1,70,100,http://www.homehorizon.com/public/images/36/29/8a/aaa2c6eaf93453d8a642a52dc0fdbef7.jpg,,1,风景2,15天
fengjing210280mm0020018080,1060,1,02,80mm,002,0,0,1,80,80,http://www.homehorizon.com/public/images/36/29/8a/aaa2c6eaf93453d8a642a52dc0fdbef7.jpg,,1,风景2,15天
fengjing2102100mm00200180100,1130,1,02,100mm,002,0,0,1,80,100,http://www.homehorizon.com/public/images/36/29/8a/aaa2c6eaf93453d8a642a52dc0fdbef7.jpg,,1,风景2,15天
fengjing210270mm0010027070,2030,1,02,70mm,001,0,0,2,70,70,http://www.homehorizon.com/public/images/57/49/48/10056b53a0990a7fb613237fb66261f8.jpg,,1,风景2,15天
fengjing2102100mm00100270100,2070,1,02,100mm,001,0,0,2,70,100,http://www.homehorizon.com/public/images/57/49/48/10056b53a0990a7fb613237fb66261f8.jpg,,1,风景2,15天
fengjing210280mm0010028080,2090,1,02,80mm,001,0,0,2,80,80,http://www.homehorizon.com/public/images/57/49/48/10056b53a0990a7fb613237fb66261f8.jpg,,1,风景2,15天
fengjing2102100mm00100280100,2230,1,02,100mm,001,0,0,2,80,100,http://www.homehorizon.com/public/images/57/49/48/10056b53a0990a7fb613237fb66261f8.jpg,,1,风景2,15天
fengjing210270mm0020027070,2030,1,02,70mm,002,0,0,2,70,70,http://www.homehorizon.com/public/images/36/29/8a/aaa2c6eaf93453d8a642a52dc0fdbef7.jpg,,1,风景2,15天
fengjing2102100mm00200270100,2070,1,02,100mm,002,0,0,2,70,100,http://www.homehorizon.com/public/images/36/29/8a/aaa2c6eaf93453d8a642a52dc0fdbef7.jpg,,1,风景2,15天
fengjing210280mm0020028080,2090,1,02,80mm,002,0,0,2,80,80,http://www.homehorizon.com/public/images/36/29/8a/aaa2c6eaf93453d8a642a52dc0fdbef7.jpg,,1,风景2,15天
fengjing2102100mm00200280100,2230,1,02,100mm,002,0,0,2,80,100,http://www.homehorizon.com/public/images/36/29/8a/aaa2c6eaf93453d8a642a52dc0fdbef7.jpg,,1,风景2,15天
fengjing210270mm0010037070,3030,1,02,70mm,001,0,0,3,70,70,http://www.homehorizon.com/public/images/57/49/48/10056b53a0990a7fb613237fb66261f8.jpg,,1,风景2,15天
fengjing2102100mm00100370100,3090,1,02,100mm,001,0,0,3,70,100,http://www.homehorizon.com/public/images/57/49/48/10056b53a0990a7fb613237fb66261f8.jpg,,1,风景2,15天
fengjing210280mm0010038080,3120,1,02,80mm,001,0,0,3,80,80,http://www.homehorizon.com/public/images/57/49/48/10056b53a0990a7fb613237fb66261f8.jpg,,1,风景2,15天
fengjing2102100mm00100380100,3330,1,02,100mm,001,0,0,3,80,100,http://www.homehorizon.com/public/images/57/49/48/10056b53a0990a7fb613237fb66261f8.jpg,,1,风景2,15天
fengjing210270mm0020037070,3030,1,02,70mm,002,0,0,3,70,70,http://www.homehorizon.com/public/images/36/29/8a/aaa2c6eaf93453d8a642a52dc0fdbef7.jpg,,1,风景2,15天
fengjing2102100mm00200370100,3090,1,02,100mm,002,0,0,3,70,100,http://www.homehorizon.com/public/images/36/29/8a/aaa2c6eaf93453d8a642a52dc0fdbef7.jpg,,1,风景2,15天
fengjing210280mm0020038080,3120,1,02,80mm,002,0,0,3,80,80,http://www.homehorizon.com/public/images/36/29/8a/aaa2c6eaf93453d8a642a52dc0fdbef7.jpg,,1,风景2,15天
fengjing2102100mm00200380100,3330,1,02,100mm,002,0,0,3,80,100,http://www.homehorizon.com/public/images/36/29/8a/aaa2c6eaf93453d8a642a52dc0fdbef7.jpg,,1,风景2,15天
fengjing210470mm0010017070,1030,1,04,70mm,001,0,0,1,70,70,http://www.homehorizon.com/public/images/7d/1d/0d/b7def3e11394874fd2b1475ee1b3ebba.jpg,,1,风景2,15天
fengjing2104100mm00100170100,1050,1,04,100mm,001,0,0,1,70,100,http://www.homehorizon.com/public/images/7d/1d/0d/b7def3e11394874fd2b1475ee1b3ebba.jpg,,1,风景2,15天
fengjing210480mm0010018080,1060,1,04,80mm,001,0,0,1,80,80,http://www.homehorizon.com/public/images/7d/1d/0d/b7def3e11394874fd2b1475ee1b3ebba.jpg,,1,风景2,15天
fengjing2104100mm00100180100,1130,1,04,100mm,001,0,0,1,80,100,http://www.homehorizon.com/public/images/7d/1d/0d/b7def3e11394874fd2b1475ee1b3ebba.jpg,,1,风景2,15天
fengjing210470mm0020017070,1030,1,04,70mm,002,0,0,1,70,70,http://www.homehorizon.com/public/images/a3/9e/15/925ef974fb5e9e8a4ff4b9b54c0c668f.jpg,,1,风景2,15天
fengjing2104100mm00200170100,1050,1,04,100mm,002,0,0,1,70,100,http://www.homehorizon.com/public/images/a3/9e/15/925ef974fb5e9e8a4ff4b9b54c0c668f.jpg,,1,风景2,15天
fengjing210480mm0020018080,1060,1,04,80mm,002,0,0,1,80,80,http://www.homehorizon.com/public/images/a3/9e/15/925ef974fb5e9e8a4ff4b9b54c0c668f.jpg,,1,风景2,15天
fengjing2104100mm00200180100,1130,1,04,100mm,002,0,0,1,80,100,http://www.homehorizon.com/public/images/a3/9e/15/925ef974fb5e9e8a4ff4b9b54c0c668f.jpg,,1,风景2,15天
fengjing210470mm0010027070,2030,1,04,70mm,001,0,0,2,70,70,http://www.homehorizon.com/public/images/7d/1d/0d/b7def3e11394874fd2b1475ee1b3ebba.jpg,,1,风景2,15天
fengjing2104100mm00100270100,2070,1,04,100mm,001,0,0,2,70,100,http://www.homehorizon.com/public/images/7d/1d/0d/b7def3e11394874fd2b1475ee1b3ebba.jpg,,1,风景2,15天
fengjing210480mm0010028080,2090,1,04,80mm,001,0,0,2,80,80,http://www.homehorizon.com/public/images/7d/1d/0d/b7def3e11394874fd2b1475ee1b3ebba.jpg,,1,风景2,15天
fengjing2104100mm00100280100,2230,1,04,100mm,001,0,0,2,80,100,http://www.homehorizon.com/public/images/7d/1d/0d/b7def3e11394874fd2b1475ee1b3ebba.jpg,,1,风景2,15天
fengjing210470mm0020027070,2030,1,04,70mm,002,0,0,2,70,70,http://www.homehorizon.com/public/images/a3/9e/15/925ef974fb5e9e8a4ff4b9b54c0c668f.jpg,,1,风景2,15天
fengjing2104100mm00200270100,2070,1,04,100mm,002,0,0,2,70,100,http://www.homehorizon.com/public/images/a3/9e/15/925ef974fb5e9e8a4ff4b9b54c0c668f.jpg,,1,风景2,15天
fengjing210480mm0020028080,2090,1,04,80mm,002,0,0,2,80,80,http://www.homehorizon.com/public/images/a3/9e/15/925ef974fb5e9e8a4ff4b9b54c0c668f.jpg,,1,风景2,15天
fengjing2104100mm00200280100,2230,1,04,100mm,002,0,0,2,80,100,http://www.homehorizon.com/public/images/a3/9e/15/925ef974fb5e9e8a4ff4b9b54c0c668f.jpg,,1,风景2,15天
fengjing210470mm0010037070,3030,1,04,70mm,001,0,0,3,70,70,http://www.homehorizon.com/public/images/7d/1d/0d/b7def3e11394874fd2b1475ee1b3ebba.jpg,,1,风景2,15天
fengjing2104100mm00100370100,3090,1,04,100mm,001,0,0,3,70,100,http://www.homehorizon.com/public/images/7d/1d/0d/b7def3e11394874fd2b1475ee1b3ebba.jpg,,1,风景2,15天
fengjing210480mm0010038080,3120,1,04,80mm,001,0,0,3,80,80,http://www.homehorizon.com/public/images/7d/1d/0d/b7def3e11394874fd2b1475ee1b3ebba.jpg,,1,风景2,15天
fengjing2104100mm00100380100,3330,1,04,100mm,001,0,0,3,80,100,http://www.homehorizon.com/public/images/7d/1d/0d/b7def3e11394874fd2b1475ee1b3ebba.jpg,,1,风景2,15天
fengjing210470mm0020037070,3030,1,04,70mm,002,0,0,3,70,70,http://www.homehorizon.com/public/images/a3/9e/15/925ef974fb5e9e8a4ff4b9b54c0c668f.jpg,,1,风景2,15天
fengjing2104100mm00200370100,3090,1,04,100mm,002,0,0,3,70,100,http://www.homehorizon.com/public/images/a3/9e/15/925ef974fb5e9e8a4ff4b9b54c0c668f.jpg,,1,风景2,15天
fengjing210480mm0020038080,3120,1,04,80mm,002,0,0,3,80,80,http://www.homehorizon.com/public/images/a3/9e/15/925ef974fb5e9e8a4ff4b9b54c0c668f.jpg,,1,风景2,15天
fengjing2104100mm00200380100,3330,1,04,100mm,002,0,0,3,80,100,http://www.homehorizon.com/public/images/a3/9e/15/925ef974fb5e9e8a4ff4b9b54c0c668f.jpg,,1,风景2,15天
fengjing210170mm0010117070,1000,1,01,70mm,001,0,1,1,70,70,http://www.homehorizon.com/public/images/2a/11/28/0adbd42ab618174cf78dd898dc79f371.jpg,,1,风景2,15天
fengjing2101100mm00101170100,1020,1,01,100mm,001,0,1,1,70,100,http://www.homehorizon.com/public/images/2a/11/28/0adbd42ab618174cf78dd898dc79f371.jpg,,1,风景2,15天
fengjing210180mm0010118080,1030,1,01,80mm,001,0,1,1,80,80,http://www.homehorizon.com/public/images/2a/11/28/0adbd42ab618174cf78dd898dc79f371.jpg,,1,风景2,15天
fengjing2101100mm00101180100,1100,1,01,100mm,001,0,1,1,80,100,http://www.homehorizon.com/public/images/2a/11/28/0adbd42ab618174cf78dd898dc79f371.jpg,,1,风景2,15天
fengjing210170mm0020117070,1000,1,01,70mm,002,0,1,1,70,70,http://www.homehorizon.com/public/images/e1/94/1f/d4e28bae337d4a9db3652b4ed8392e23.jpg,,1,风景2,15天
fengjing2101100mm00201170100,1020,1,01,100mm,002,0,1,1,70,100,http://www.homehorizon.com/public/images/e1/94/1f/d4e28bae337d4a9db3652b4ed8392e23.jpg,,1,风景2,15天
fengjing210180mm0020118080,1030,1,01,80mm,002,0,1,1,80,80,http://www.homehorizon.com/public/images/e1/94/1f/d4e28bae337d4a9db3652b4ed8392e23.jpg,,1,风景2,15天
fengjing2101100mm00201180100,1100,1,01,100mm,002,0,1,1,80,100,http://www.homehorizon.com/public/images/e1/94/1f/d4e28bae337d4a9db3652b4ed8392e23.jpg,,1,风景2,15天
fengjing210170mm0010127070,2000,1,01,70mm,001,0,1,2,70,70,http://www.homehorizon.com/public/images/2a/11/28/0adbd42ab618174cf78dd898dc79f371.jpg,,1,风景2,15天
fengjing2101100mm00101270100,2040,1,01,100mm,001,0,1,2,70,100,http://www.homehorizon.com/public/images/2a/11/28/0adbd42ab618174cf78dd898dc79f371.jpg,,1,风景2,15天
fengjing210180mm0010128080,2060,1,01,80mm,001,0,1,2,80,80,http://www.homehorizon.com/public/images/2a/11/28/0adbd42ab618174cf78dd898dc79f371.jpg,,1,风景2,15天
fengjing2101100mm00101280100,2200,1,01,100mm,001,0,1,2,80,100,http://www.homehorizon.com/public/images/2a/11/28/0adbd42ab618174cf78dd898dc79f371.jpg,,1,风景2,15天
fengjing210170mm0020127070,2000,1,01,70mm,002,0,1,2,70,70,http://www.homehorizon.com/public/images/e1/94/1f/d4e28bae337d4a9db3652b4ed8392e23.jpg,,1,风景2,15天
fengjing2101100mm00201270100,2040,1,01,100mm,002,0,1,2,70,100,http://www.homehorizon.com/public/images/e1/94/1f/d4e28bae337d4a9db3652b4ed8392e23.jpg,,1,风景2,15天
fengjing210180mm0020128080,2060,1,01,80mm,002,0,1,2,80,80,http://www.homehorizon.com/public/images/e1/94/1f/d4e28bae337d4a9db3652b4ed8392e23.jpg,,1,风景2,15天
fengjing2101100mm00201280100,2200,1,01,100mm,002,0,1,2,80,100,http://www.homehorizon.com/public/images/e1/94/1f/d4e28bae337d4a9db3652b4ed8392e23.jpg,,1,风景2,15天
fengjing210170mm0010137070,3000,1,01,70mm,001,0,1,3,70,70,http://www.homehorizon.com/public/images/2a/11/28/0adbd42ab618174cf78dd898dc79f371.jpg,,1,风景2,15天
fengjing2101100mm00101370100,3060,1,01,100mm,001,0,1,3,70,100,http://www.homehorizon.com/public/images/2a/11/28/0adbd42ab618174cf78dd898dc79f371.jpg,,1,风景2,15天
fengjing210180mm0010138080,3090,1,01,80mm,001,0,1,3,80,80,http://www.homehorizon.com/public/images/2a/11/28/0adbd42ab618174cf78dd898dc79f371.jpg,,1,风景2,15天
fengjing2101100mm00101380100,3300,1,01,100mm,001,0,1,3,80,100,http://www.homehorizon.com/public/images/2a/11/28/0adbd42ab618174cf78dd898dc79f371.jpg,,1,风景2,15天
fengjing210170mm0020137070,3000,1,01,70mm,002,0,1,3,70,70,http://www.homehorizon.com/public/images/e1/94/1f/d4e28bae337d4a9db3652b4ed8392e23.jpg,,1,风景2,15天
fengjing2101100mm00201370100,3060,1,01,100mm,002,0,1,3,70,100,http://www.homehorizon.com/public/images/e1/94/1f/d4e28bae337d4a9db3652b4ed8392e23.jpg,,1,风景2,15天
fengjing210180mm0020138080,3090,1,01,80mm,002,0,1,3,80,80,http://www.homehorizon.com/public/images/e1/94/1f/d4e28bae337d4a9db3652b4ed8392e23.jpg,,1,风景2,15天
fengjing2101100mm00201380100,3300,1,01,100mm,002,0,1,3,80,100,http://www.homehorizon.com/public/images/e1/94/1f/d4e28bae337d4a9db3652b4ed8392e23.jpg,,1,风景2,15天
fengjing210270mm0010117070,1030,1,02,70mm,001,0,1,1,70,70,http://www.homehorizon.com/public/images/57/49/48/10056b53a0990a7fb613237fb66261f8.jpg,,1,风景2,15天
fengjing2102100mm00101170100,1050,1,02,100mm,001,0,1,1,70,100,http://www.homehorizon.com/public/images/57/49/48/10056b53a0990a7fb613237fb66261f8.jpg,,1,风景2,15天
fengjing210280mm0010118080,1060,1,02,80mm,001,0,1,1,80,80,http://www.homehorizon.com/public/images/57/49/48/10056b53a0990a7fb613237fb66261f8.jpg,,1,风景2,15天
fengjing2102100mm00101180100,1130,1,02,100mm,001,0,1,1,80,100,http://www.homehorizon.com/public/images/57/49/48/10056b53a0990a7fb613237fb66261f8.jpg,,1,风景2,15天
fengjing210270mm0020117070,1030,1,02,70mm,002,0,1,1,70,70,http://www.homehorizon.com/public/images/36/29/8a/aaa2c6eaf93453d8a642a52dc0fdbef7.jpg,,1,风景2,15天
fengjing2102100mm00201170100,1050,1,02,100mm,002,0,1,1,70,100,http://www.homehorizon.com/public/images/36/29/8a/aaa2c6eaf93453d8a642a52dc0fdbef7.jpg,,1,风景2,15天
fengjing210280mm0020118080,1060,1,02,80mm,002,0,1,1,80,80,http://www.homehorizon.com/public/images/36/29/8a/aaa2c6eaf93453d8a642a52dc0fdbef7.jpg,,1,风景2,15天
fengjing2102100mm00201180100,1130,1,02,100mm,002,0,1,1,80,100,http://www.homehorizon.com/public/images/36/29/8a/aaa2c6eaf93453d8a642a52dc0fdbef7.jpg,,1,风景2,15天
fengjing210270mm0010127070,2030,1,02,70mm,001,0,1,2,70,70,http://www.homehorizon.com/public/images/57/49/48/10056b53a0990a7fb613237fb66261f8.jpg,,1,风景2,15天
fengjing2102100mm00101270100,2070,1,02,100mm,001,0,1,2,70,100,http://www.homehorizon.com/public/images/57/49/48/10056b53a0990a7fb613237fb66261f8.jpg,,1,风景2,15天
fengjing210280mm0010128080,2090,1,02,80mm,001,0,1,2,80,80,http://www.homehorizon.com/public/images/57/49/48/10056b53a0990a7fb613237fb66261f8.jpg,,1,风景2,15天
fengjing2102100mm00101280100,2230,1,02,100mm,001,0,1,2,80,100,http://www.homehorizon.com/public/images/57/49/48/10056b53a0990a7fb613237fb66261f8.jpg,,1,风景2,15天
fengjing210270mm0020127070,2030,1,02,70mm,002,0,1,2,70,70,http://www.homehorizon.com/public/images/36/29/8a/aaa2c6eaf93453d8a642a52dc0fdbef7.jpg,,1,风景2,15天
fengjing2102100mm00201270100,2070,1,02,100mm,002,0,1,2,70,100,http://www.homehorizon.com/public/images/36/29/8a/aaa2c6eaf93453d8a642a52dc0fdbef7.jpg,,1,风景2,15天
fengjing210280mm0020128080,2090,1,02,80mm,002,0,1,2,80,80,http://www.homehorizon.com/public/images/36/29/8a/aaa2c6eaf93453d8a642a52dc0fdbef7.jpg,,1,风景2,15天
fengjing2102100mm00201280100,2230,1,02,100mm,002,0,1,2,80,100,http://www.homehorizon.com/public/images/36/29/8a/aaa2c6eaf93453d8a642a52dc0fdbef7.jpg,,1,风景2,15天
fengjing210270mm0010137070,3030,1,02,70mm,001,0,1,3,70,70,http://www.homehorizon.com/public/images/57/49/48/10056b53a0990a7fb613237fb66261f8.jpg,,1,风景2,15天
fengjing2102100mm00101370100,3090,1,02,100mm,001,0,1,3,70,100,http://www.homehorizon.com/public/images/57/49/48/10056b53a0990a7fb613237fb66261f8.jpg,,1,风景2,15天
fengjing210280mm0010138080,3120,1,02,80mm,001,0,1,3,80,80,http://www.homehorizon.com/public/images/57/49/48/10056b53a0990a7fb613237fb66261f8.jpg,,1,风景2,15天
fengjing2102100mm00101380100,3330,1,02,100mm,001,0,1,3,80,100,http://www.homehorizon.com/public/images/57/49/48/10056b53a0990a7fb613237fb66261f8.jpg,,1,风景2,15天
fengjing210270mm0020137070,3030,1,02,70mm,002,0,1,3,70,70,http://www.homehorizon.com/public/images/36/29/8a/aaa2c6eaf93453d8a642a52dc0fdbef7.jpg,,1,风景2,15天
fengjing2102100mm00201370100,3090,1,02,100mm,002,0,1,3,70,100,http://www.homehorizon.com/public/images/36/29/8a/aaa2c6eaf93453d8a642a52dc0fdbef7.jpg,,1,风景2,15天
fengjing210280mm0020138080,3120,1,02,80mm,002,0,1,3,80,80,http://www.homehorizon.com/public/images/36/29/8a/aaa2c6eaf93453d8a642a52dc0fdbef7.jpg,,1,风景2,15天
fengjing2102100mm00201380100,3330,1,02,100mm,002,0,1,3,80,100,http://www.homehorizon.com/public/images/36/29/8a/aaa2c6eaf93453d8a642a52dc0fdbef7.jpg,,1,风景2,15天
fengjing210470mm0010117070,1030,1,04,70mm,001,0,1,1,70,70,http://www.homehorizon.com/public/images/7d/1d/0d/b7def3e11394874fd2b1475ee1b3ebba.jpg,,1,风景2,15天
fengjing2104100mm00101170100,1050,1,04,100mm,001,0,1,1,70,100,http://www.homehorizon.com/public/images/7d/1d/0d/b7def3e11394874fd2b1475ee1b3ebba.jpg,,1,风景2,15天
fengjing210480mm0010118080,1060,1,04,80mm,001,0,1,1,80,80,http://www.homehorizon.com/public/images/7d/1d/0d/b7def3e11394874fd2b1475ee1b3ebba.jpg,,1,风景2,15天
fengjing2104100mm00101180100,1130,1,04,100mm,001,0,1,1,80,100,http://www.homehorizon.com/public/images/7d/1d/0d/b7def3e11394874fd2b1475ee1b3ebba.jpg,,1,风景2,15天
fengjing210470mm0020117070,1030,1,04,70mm,002,0,1,1,70,70,http://www.homehorizon.com/public/images/a3/9e/15/925ef974fb5e9e8a4ff4b9b54c0c668f.jpg,,1,风景2,15天
fengjing2104100mm00201170100,1050,1,04,100mm,002,0,1,1,70,100,http://www.homehorizon.com/public/images/a3/9e/15/925ef974fb5e9e8a4ff4b9b54c0c668f.jpg,,1,风景2,15天
fengjing210480mm0020118080,1060,1,04,80mm,002,0,1,1,80,80,http://www.homehorizon.com/public/images/a3/9e/15/925ef974fb5e9e8a4ff4b9b54c0c668f.jpg,,1,风景2,15天
fengjing2104100mm00201180100,1130,1,04,100mm,002,0,1,1,80,100,http://www.homehorizon.com/public/images/a3/9e/15/925ef974fb5e9e8a4ff4b9b54c0c668f.jpg,,1,风景2,15天
fengjing210470mm0010127070,2030,1,04,70mm,001,0,1,2,70,70,http://www.homehorizon.com/public/images/7d/1d/0d/b7def3e11394874fd2b1475ee1b3ebba.jpg,,1,风景2,15天
fengjing2104100mm00101270100,2070,1,04,100mm,001,0,1,2,70,100,http://www.homehorizon.com/public/images/7d/1d/0d/b7def3e11394874fd2b1475ee1b3ebba.jpg,,1,风景2,15天
fengjing210480mm0010128080,2090,1,04,80mm,001,0,1,2,80,80,http://www.homehorizon.com/public/images/7d/1d/0d/b7def3e11394874fd2b1475ee1b3ebba.jpg,,1,风景2,15天
fengjing2104100mm00101280100,2230,1,04,100mm,001,0,1,2,80,100,http://www.homehorizon.com/public/images/7d/1d/0d/b7def3e11394874fd2b1475ee1b3ebba.jpg,,1,风景2,15天
fengjing210470mm0020127070,2030,1,04,70mm,002,0,1,2,70,70,http://www.homehorizon.com/public/images/a3/9e/15/925ef974fb5e9e8a4ff4b9b54c0c668f.jpg,,1,风景2,15天
fengjing2104100mm00201270100,2070,1,04,100mm,002,0,1,2,70,100,http://www.homehorizon.com/public/images/a3/9e/15/925ef974fb5e9e8a4ff4b9b54c0c668f.jpg,,1,风景2,15天
fengjing210480mm0020128080,2090,1,04,80mm,002,0,1,2,80,80,http://www.homehorizon.com/public/images/a3/9e/15/925ef974fb5e9e8a4ff4b9b54c0c668f.jpg,,1,风景2,15天
fengjing2104100mm00201280100,2230,1,04,100mm,002,0,1,2,80,100,http://www.homehorizon.com/public/images/a3/9e/15/925ef974fb5e9e8a4ff4b9b54c0c668f.jpg,,1,风景2,15天
fengjing210470mm0010137070,3030,1,04,70mm,001,0,1,3,70,70,http://www.homehorizon.com/public/images/7d/1d/0d/b7def3e11394874fd2b1475ee1b3ebba.jpg,,1,风景2,15天
fengjing2104100mm00101370100,3090,1,04,100mm,001,0,1,3,70,100,http://www.homehorizon.com/public/images/7d/1d/0d/b7def3e11394874fd2b1475ee1b3ebba.jpg,,1,风景2,15天
fengjing210480mm0010138080,3120,1,04,80mm,001,0,1,3,80,80,http://www.homehorizon.com/public/images/7d/1d/0d/b7def3e11394874fd2b1475ee1b3ebba.jpg,,1,风景2,15天
fengjing2104100mm00101380100,3330,1,04,100mm,001,0,1,3,80,100,http://www.homehorizon.com/public/images/7d/1d/0d/b7def3e11394874fd2b1475ee1b3ebba.jpg,,1,风景2,15天
fengjing210470mm0020137070,3030,1,04,70mm,002,0,1,3,70,70,http://www.homehorizon.com/public/images/a3/9e/15/925ef974fb5e9e8a4ff4b9b54c0c668f.jpg,,1,风景2,15天
fengjing2104100mm00201370100,3090,1,04,100mm,002,0,1,3,70,100,http://www.homehorizon.com/public/images/a3/9e/15/925ef974fb5e9e8a4ff4b9b54c0c668f.jpg,,1,风景2,15天
fengjing210480mm0020138080,3120,1,04,80mm,002,0,1,3,80,80,http://www.homehorizon.com/public/images/a3/9e/15/925ef974fb5e9e8a4ff4b9b54c0c668f.jpg,,1,风景2,15天
fengjing2104100mm00201380100,3330,1,04,100mm,002,0,1,3,80,100,http://www.homehorizon.com/public/images/a3/9e/15/925ef974fb5e9e8a4ff4b9b54c0c668f.jpg,,1,风景2,15天
fengjing210170mm0010217070,1000,1,01,70mm,001,0,2,1,70,70,http://www.homehorizon.com/public/images/2a/11/28/0adbd42ab618174cf78dd898dc79f371.jpg,,1,风景2,15天
fengjing2101100mm00102170100,1020,1,01,100mm,001,0,2,1,70,100,http://www.homehorizon.com/public/images/2a/11/28/0adbd42ab618174cf78dd898dc79f371.jpg,,1,风景2,15天
fengjing210180mm0010218080,1030,1,01,80mm,001,0,2,1,80,80,http://www.homehorizon.com/public/images/2a/11/28/0adbd42ab618174cf78dd898dc79f371.jpg,,1,风景2,15天
fengjing2101100mm00102180100,1100,1,01,100mm,001,0,2,1,80,100,http://www.homehorizon.com/public/images/2a/11/28/0adbd42ab618174cf78dd898dc79f371.jpg,,1,风景2,15天
fengjing210170mm0020217070,1000,1,01,70mm,002,0,2,1,70,70,http://www.homehorizon.com/public/images/e1/94/1f/d4e28bae337d4a9db3652b4ed8392e23.jpg,,1,风景2,15天
fengjing2101100mm00202170100,1020,1,01,100mm,002,0,2,1,70,100,http://www.homehorizon.com/public/images/e1/94/1f/d4e28bae337d4a9db3652b4ed8392e23.jpg,,1,风景2,15天
fengjing210180mm0020218080,1030,1,01,80mm,002,0,2,1,80,80,http://www.homehorizon.com/public/images/e1/94/1f/d4e28bae337d4a9db3652b4ed8392e23.jpg,,1,风景2,15天
fengjing2101100mm00202180100,1100,1,01,100mm,002,0,2,1,80,100,http://www.homehorizon.com/public/images/e1/94/1f/d4e28bae337d4a9db3652b4ed8392e23.jpg,,1,风景2,15天
fengjing210170mm0010227070,2000,1,01,70mm,001,0,2,2,70,70,http://www.homehorizon.com/public/images/2a/11/28/0adbd42ab618174cf78dd898dc79f371.jpg,,1,风景2,15天
fengjing2101100mm00102270100,2040,1,01,100mm,001,0,2,2,70,100,http://www.homehorizon.com/public/images/2a/11/28/0adbd42ab618174cf78dd898dc79f371.jpg,,1,风景2,15天
fengjing210180mm0010228080,2060,1,01,80mm,001,0,2,2,80,80,http://www.homehorizon.com/public/images/2a/11/28/0adbd42ab618174cf78dd898dc79f371.jpg,,1,风景2,15天
fengjing2101100mm00102280100,2200,1,01,100mm,001,0,2,2,80,100,http://www.homehorizon.com/public/images/2a/11/28/0adbd42ab618174cf78dd898dc79f371.jpg,,1,风景2,15天
fengjing210170mm0020227070,2000,1,01,70mm,002,0,2,2,70,70,http://www.homehorizon.com/public/images/e1/94/1f/d4e28bae337d4a9db3652b4ed8392e23.jpg,,1,风景2,15天
fengjing2101100mm00202270100,2040,1,01,100mm,002,0,2,2,70,100,http://www.homehorizon.com/public/images/e1/94/1f/d4e28bae337d4a9db3652b4ed8392e23.jpg,,1,风景2,15天
fengjing210180mm0020228080,2060,1,01,80mm,002,0,2,2,80,80,http://www.homehorizon.com/public/images/e1/94/1f/d4e28bae337d4a9db3652b4ed8392e23.jpg,,1,风景2,15天
fengjing2101100mm00202280100,2200,1,01,100mm,002,0,2,2,80,100,http://www.homehorizon.com/public/images/e1/94/1f/d4e28bae337d4a9db3652b4ed8392e23.jpg,,1,风景2,15天
fengjing210170mm0010237070,3000,1,01,70mm,001,0,2,3,70,70,http://www.homehorizon.com/public/images/2a/11/28/0adbd42ab618174cf78dd898dc79f371.jpg,,1,风景2,15天
fengjing2101100mm00102370100,3060,1,01,100mm,001,0,2,3,70,100,http://www.homehorizon.com/public/images/2a/11/28/0adbd42ab618174cf78dd898dc79f371.jpg,,1,风景2,15天
fengjing210180mm0010238080,3090,1,01,80mm,001,0,2,3,80,80,http://www.homehorizon.com/public/images/2a/11/28/0adbd42ab618174cf78dd898dc79f371.jpg,,1,风景2,15天
fengjing2101100mm00102380100,3300,1,01,100mm,001,0,2,3,80,100,http://www.homehorizon.com/public/images/2a/11/28/0adbd42ab618174cf78dd898dc79f371.jpg,,1,风景2,15天
fengjing210170mm0020237070,3000,1,01,70mm,002,0,2,3,70,70,http://www.homehorizon.com/public/images/e1/94/1f/d4e28bae337d4a9db3652b4ed8392e23.jpg,,1,风景2,15天
fengjing2101100mm00202370100,3060,1,01,100mm,002,0,2,3,70,100,http://www.homehorizon.com/public/images/e1/94/1f/d4e28bae337d4a9db3652b4ed8392e23.jpg,,1,风景2,15天
fengjing210180mm0020238080,3090,1,01,80mm,002,0,2,3,80,80,http://www.homehorizon.com/public/images/e1/94/1f/d4e28bae337d4a9db3652b4ed8392e23.jpg,,1,风景2,15天
fengjing2101100mm00202380100,3300,1,01,100mm,002,0,2,3,80,100,http://www.homehorizon.com/public/images/e1/94/1f/d4e28bae337d4a9db3652b4ed8392e23.jpg,,1,风景2,15天
fengjing210270mm0010217070,1030,1,02,70mm,001,0,2,1,70,70,http://www.homehorizon.com/public/images/57/49/48/10056b53a0990a7fb613237fb66261f8.jpg,,1,风景2,15天
fengjing2102100mm00102170100,1050,1,02,100mm,001,0,2,1,70,100,http://www.homehorizon.com/public/images/57/49/48/10056b53a0990a7fb613237fb66261f8.jpg,,1,风景2,15天
fengjing210280mm0010218080,1060,1,02,80mm,001,0,2,1,80,80,http://www.homehorizon.com/public/images/57/49/48/10056b53a0990a7fb613237fb66261f8.jpg,,1,风景2,15天
fengjing2102100mm00102180100,1130,1,02,100mm,001,0,2,1,80,100,http://www.homehorizon.com/public/images/57/49/48/10056b53a0990a7fb613237fb66261f8.jpg,,1,风景2,15天
fengjing210270mm0020217070,1030,1,02,70mm,002,0,2,1,70,70,http://www.homehorizon.com/public/images/36/29/8a/aaa2c6eaf93453d8a642a52dc0fdbef7.jpg,,1,风景2,15天
fengjing2102100mm00202170100,1050,1,02,100mm,002,0,2,1,70,100,http://www.homehorizon.com/public/images/36/29/8a/aaa2c6eaf93453d8a642a52dc0fdbef7.jpg,,1,风景2,15天
fengjing210280mm0020218080,1060,1,02,80mm,002,0,2,1,80,80,http://www.homehorizon.com/public/images/36/29/8a/aaa2c6eaf93453d8a642a52dc0fdbef7.jpg,,1,风景2,15天
fengjing2102100mm00202180100,1130,1,02,100mm,002,0,2,1,80,100,http://www.homehorizon.com/public/images/36/29/8a/aaa2c6eaf93453d8a642a52dc0fdbef7.jpg,,1,风景2,15天
fengjing210270mm0010227070,2030,1,02,70mm,001,0,2,2,70,70,http://www.homehorizon.com/public/images/57/49/48/10056b53a0990a7fb613237fb66261f8.jpg,,1,风景2,15天
fengjing2102100mm00102270100,2070,1,02,100mm,001,0,2,2,70,100,http://www.homehorizon.com/public/images/57/49/48/10056b53a0990a7fb613237fb66261f8.jpg,,1,风景2,15天
fengjing210280mm0010228080,2090,1,02,80mm,001,0,2,2,80,80,http://www.homehorizon.com/public/images/57/49/48/10056b53a0990a7fb613237fb66261f8.jpg,,1,风景2,15天
fengjing2102100mm00102280100,2230,1,02,100mm,001,0,2,2,80,100,http://www.homehorizon.com/public/images/57/49/48/10056b53a0990a7fb613237fb66261f8.jpg,,1,风景2,15天
fengjing210270mm0020227070,2030,1,02,70mm,002,0,2,2,70,70,http://www.homehorizon.com/public/images/36/29/8a/aaa2c6eaf93453d8a642a52dc0fdbef7.jpg,,1,风景2,15天
fengjing2102100mm00202270100,2070,1,02,100mm,002,0,2,2,70,100,http://www.homehorizon.com/public/images/36/29/8a/aaa2c6eaf93453d8a642a52dc0fdbef7.jpg,,1,风景2,15天
fengjing210280mm0020228080,2090,1,02,80mm,002,0,2,2,80,80,http://www.homehorizon.com/public/images/36/29/8a/aaa2c6eaf93453d8a642a52dc0fdbef7.jpg,,1,风景2,15天
fengjing2102100mm00202280100,2230,1,02,100mm,002,0,2,2,80,100,http://www.homehorizon.com/public/images/36/29/8a/aaa2c6eaf93453d8a642a52dc0fdbef7.jpg,,1,风景2,15天
fengjing210270mm0010237070,3030,1,02,70mm,001,0,2,3,70,70,http://www.homehorizon.com/public/images/57/49/48/10056b53a0990a7fb613237fb66261f8.jpg,,1,风景2,15天
fengjing2102100mm00102370100,3090,1,02,100mm,001,0,2,3,70,100,http://www.homehorizon.com/public/images/57/49/48/10056b53a0990a7fb613237fb66261f8.jpg,,1,风景2,15天
fengjing210280mm0010238080,3120,1,02,80mm,001,0,2,3,80,80,http://www.homehorizon.com/public/images/57/49/48/10056b53a0990a7fb613237fb66261f8.jpg,,1,风景2,15天
fengjing2102100mm00102380100,3330,1,02,100mm,001,0,2,3,80,100,http://www.homehorizon.com/public/images/57/49/48/10056b53a0990a7fb613237fb66261f8.jpg,,1,风景2,15天
fengjing210270mm0020237070,3030,1,02,70mm,002,0,2,3,70,70,http://www.homehorizon.com/public/images/36/29/8a/aaa2c6eaf93453d8a642a52dc0fdbef7.jpg,,1,风景2,15天
fengjing2102100mm00202370100,3090,1,02,100mm,002,0,2,3,70,100,http://www.homehorizon.com/public/images/36/29/8a/aaa2c6eaf93453d8a642a52dc0fdbef7.jpg,,1,风景2,15天
fengjing210280mm0020238080,3120,1,02,80mm,002,0,2,3,80,80,http://www.homehorizon.com/public/images/36/29/8a/aaa2c6eaf93453d8a642a52dc0fdbef7.jpg,,1,风景2,15天
fengjing2102100mm00202380100,3330,1,02,100mm,002,0,2,3,80,100,http://www.homehorizon.com/public/images/36/29/8a/aaa2c6eaf93453d8a642a52dc0fdbef7.jpg,,1,风景2,15天
fengjing210470mm0010217070,1030,1,04,70mm,001,0,2,1,70,70,http://www.homehorizon.com/public/images/7d/1d/0d/b7def3e11394874fd2b1475ee1b3ebba.jpg,,1,风景2,15天
fengjing2104100mm00102170100,1050,1,04,100mm,001,0,2,1,70,100,http://www.homehorizon.com/public/images/7d/1d/0d/b7def3e11394874fd2b1475ee1b3ebba.jpg,,1,风景2,15天
fengjing210480mm0010218080,1060,1,04,80mm,001,0,2,1,80,80,http://www.homehorizon.com/public/images/7d/1d/0d/b7def3e11394874fd2b1475ee1b3ebba.jpg,,1,风景2,15天
fengjing2104100mm00102180100,1130,1,04,100mm,001,0,2,1,80,100,http://www.homehorizon.com/public/images/7d/1d/0d/b7def3e11394874fd2b1475ee1b3ebba.jpg,,1,风景2,15天
fengjing210470mm0020217070,1030,1,04,70mm,002,0,2,1,70,70,http://www.homehorizon.com/public/images/a3/9e/15/925ef974fb5e9e8a4ff4b9b54c0c668f.jpg,,1,风景2,15天
fengjing2104100mm00202170100,1050,1,04,100mm,002,0,2,1,70,100,http://www.homehorizon.com/public/images/a3/9e/15/925ef974fb5e9e8a4ff4b9b54c0c668f.jpg,,1,风景2,15天
fengjing210480mm0020218080,1060,1,04,80mm,002,0,2,1,80,80,http://www.homehorizon.com/public/images/a3/9e/15/925ef974fb5e9e8a4ff4b9b54c0c668f.jpg,,1,风景2,15天
fengjing2104100mm00202180100,1130,1,04,100mm,002,0,2,1,80,100,http://www.homehorizon.com/public/images/a3/9e/15/925ef974fb5e9e8a4ff4b9b54c0c668f.jpg,,1,风景2,15天
fengjing210470mm0010227070,2030,1,04,70mm,001,0,2,2,70,70,http://www.homehorizon.com/public/images/7d/1d/0d/b7def3e11394874fd2b1475ee1b3ebba.jpg,,1,风景2,15天
fengjing2104100mm00102270100,2070,1,04,100mm,001,0,2,2,70,100,http://www.homehorizon.com/public/images/7d/1d/0d/b7def3e11394874fd2b1475ee1b3ebba.jpg,,1,风景2,15天
fengjing210480mm0010228080,2090,1,04,80mm,001,0,2,2,80,80,http://www.homehorizon.com/public/images/7d/1d/0d/b7def3e11394874fd2b1475ee1b3ebba.jpg,,1,风景2,15天
fengjing2104100mm00102280100,2230,1,04,100mm,001,0,2,2,80,100,http://www.homehorizon.com/public/images/7d/1d/0d/b7def3e11394874fd2b1475ee1b3ebba.jpg,,1,风景2,15天
fengjing210470mm0020227070,2030,1,04,70mm,002,0,2,2,70,70,http://www.homehorizon.com/public/images/a3/9e/15/925ef974fb5e9e8a4ff4b9b54c0c668f.jpg,,1,风景2,15天
fengjing2104100mm00202270100,2070,1,04,100mm,002,0,2,2,70,100,http://www.homehorizon.com/public/images/a3/9e/15/925ef974fb5e9e8a4ff4b9b54c0c668f.jpg,,1,风景2,15天
fengjing210480mm0020228080,2090,1,04,80mm,002,0,2,2,80,80,http://www.homehorizon.com/public/images/a3/9e/15/925ef974fb5e9e8a4ff4b9b54c0c668f.jpg,,1,风景2,15天
fengjing2104100mm00202280100,2230,1,04,100mm,002,0,2,2,80,100,http://www.homehorizon.com/public/images/a3/9e/15/925ef974fb5e9e8a4ff4b9b54c0c668f.jpg,,1,风景2,15天
fengjing210470mm0010237070,3030,1,04,70mm,001,0,2,3,70,70,http://www.homehorizon.com/public/images/7d/1d/0d/b7def3e11394874fd2b1475ee1b3ebba.jpg,,1,风景2,15天
fengjing2104100mm00102370100,3090,1,04,100mm,001,0,2,3,70,100,http://www.homehorizon.com/public/images/7d/1d/0d/b7def3e11394874fd2b1475ee1b3ebba.jpg,,1,风景2,15天
fengjing210480mm0010238080,3120,1,04,80mm,001,0,2,3,80,80,http://www.homehorizon.com/public/images/7d/1d/0d/b7def3e11394874fd2b1475ee1b3ebba.jpg,,1,风景2,15天
fengjing2104100mm00102380100,3330,1,04,100mm,001,0,2,3,80,100,http://www.homehorizon.com/public/images/7d/1d/0d/b7def3e11394874fd2b1475ee1b3ebba.jpg,,1,风景2,15天
fengjing210470mm0020237070,3030,1,04,70mm,002,0,2,3,70,70,http://www.homehorizon.com/public/images/a3/9e/15/925ef974fb5e9e8a4ff4b9b54c0c668f.jpg,,1,风景2,15天
fengjing2104100mm00202370100,3090,1,04,100mm,002,0,2,3,70,100,http://www.homehorizon.com/public/images/a3/9e/15/925ef974fb5e9e8a4ff4b9b54c0c668f.jpg,,1,风景2,15天
fengjing210480mm0020238080,3120,1,04,80mm,002,0,2,3,80,80,http://www.homehorizon.com/public/images/a3/9e/15/925ef974fb5e9e8a4ff4b9b54c0c668f.jpg,,1,风景2,15天
fengjing2104100mm00202380100,3330,1,04,100mm,002,0,2,3,80,100,http://www.homehorizon.com/public/images/a3/9e/15/925ef974fb5e9e8a4ff4b9b54c0c668f.jpg,,1,风景2,15天
